temperature,mean,std
0.0,0.17273,0.008320420298241782
0.1,0.13215,0.07905558394911363
0.2,0.12321,0.08143005860518858
0.3,0.1508,0.1429541142740523
0.4,0.16899,0.1461804955277115
0.5,0.16997,0.1530289109147601
0.6,0.15199,0.13568341754975
0.7,0.16125,0.18062503014574563
0.8,0.19047,0.1832948970728026
0.9,0.20227,0.1983488842897532
